DeptCode,CourseNo,Concurrent,PrereqDeptCode,PrereqCourseNo
ACCT,2002,0,ACCT,2001
ACCT,3001,0,ACCT,2001
ACCT,3002,0,ACCT,3001
ACCT,3003,0,ACCT,3002
ACCT,3004,0,ACCT,2002
ACCT,3005,0,ACCT,3002
ACCT,3006,0,ACCT,3002
ACCT,4000,0,MOIS,2101
ACCT,4000,0,ACCT,3002
ACCT,4001,0,ACCT,3005
ACCT,4002,0,ACCT,3006
ACCT,4004,0,ACCT,3002
ACCT,4004,0,FINC,2101
ACCT,5211,0,ENTR,5211
ACCT,5301,0,BADM,5310
ACCT,5370,0,BADM,5310
AMST,2096,0,RHET,1000
AMST,4444,0,JRMC,2203
ANTH,2005,1,RHET,2010
ANTH,3080,0,ANTH,2101
ANTH,3104,0,ANTH,3102
ANTH,3105,0,ANTH,2101
ANTH,4107,0,SOC,3105
ANTH,4107,0,ANTH,3105
APLN,5132,0,APLN,5301
APLN,5202,0,APLN,5201
APLN,5202,0,APLN,5302
APLN,5204,0,APLN,5203
APLN,5206,0,APLN,5205
APLN,5210,0,APLN,5203
APLN,5310,0,APLN,5100
APLN,5311,0,APLN,5302
APLN,5312,0,APLN,5100
APLN,5313,0,APLN,5100
APLN,5320,0,APLN,5301
APLN,5321,0,APLN,5301
APLN,5322,0,APLN,5301
APLN,5323,0,APLN,5301
APLN,5330,0,APLN,5301
APLN,5332,0,APLN,5100
APLN,5397,0,APLN,5100
LING,3310,0,LING,2200
ARIC,2096,0,RHET,1000
ARIC,2097,0,RHET,1000
ARIC,2099,0,RHET,1000
ARIC,2270,0,ARIC,2270
ARIC,2270,0,ARIC,2206
ARIC,3098,0,RHET,1020
ARIC,3269,0,ARIC,2270
ARIC,3270,0,ARIC,2270
ARIC,3273,0,ARIC,2270
ARIC,3273,0,ARIC,2206
ARIC,3405,0,ARIC,2346
ARIC,3405,0,ARIC,3343
ARIC,5103,0,ARIC,2101
ARIC,5121,0,ARIC,5122
ARIC,5122,0,ARIC,2270
ARIC,5124,0,ARIC,2270
ARIC,5127,0,ARIC,3268
ARIC,5130,0,ARIC,2101
ARIC,5133,0,ARIC,3343
ARIC,5133,0,ARIC,2346
ARIC,5134,0,HIST,3213
ARIC,5134,0,HIST,3214
ARIC,5135,0,ARIC,3343
ARIC,5136,0,ARIC,3355
ARIC,5136,0,ARIC,3356
ARIC,5240,0,ARIC,3435
ARIC,5241,0,ARIC,3435
ARIC,5242,0,ARIC,3435
ARIC,5243,0,ARIC,3435
ALNG,1020,0,ALNG,1010
ALNG,1502,0,ALNG,1501
ALNG,2010,0,ALNG,1020
ALNG,2131,0,ALNG,2101
ALNG,2501,0,ALNG,2101
ALNG,3103,0,ALNG,3501
ALNG,3131,0,ALNG,2131
ALIN,3151,0,ALIN,2151
ALIN,1131,0,ALIN,1131
ALIN,3121,0,ALIN,2121
ALWT,4201,0,ALWT,4271
ALWT,4202,0,ALWT,4271
ALWT,5271,0,ALWT,4272
ARCH,1521,0,ENGR,1005
ARCH,2221,0,ARCH,1521
ARCH,2221,0,ARCH,1511
ARCH,2231,0,PHYS,1011
ARCH,2231,0,MACT,1121
ARCH,2231,0,ARCH,2551
ARCH,2411,0,MACT,1121
ARCH,2551,0,ARCH,1521
ARCH,2551,0,ARCH,2512
ARCH,2551,0,ARCH,1511
ARCH,2552,0,ARCH,2221
ARCH,2552,0,ARCH,2551
ARCH,3311,0,CENG,4252
ARCH,3321,0,ARCH,2551
ARCH,3331,0,ENGR,2102
ARCH,3522,0,ARCH,3554
ARCH,3531,0,ARCH,2411
ARCH,3553,0,ARCH,2211
ARCH,3553,0,ARCH,2552
ARCH,3554,0,ARCH,2231
ARCH,3554,0,ARCH,3553
ARCH,3562,0,CENG,2251
ARCH,3950,0,ARCH,2551
ARCH,4312,0,ARCH,3311
ARCH,4312,0,ARCH,3321
ARCH,4421,0,ARCH,2552
ARCH,4532,0,ARCH,3531
ARCH,4541,0,ARCH,2551
ARCH,4541,0,ARCH,1521
ARCH,4541,0,DSGN,2201
ARCH,4555,0,ARCH,3554
ARCH,4555,0,CENG,3152
ARCH,4555,0,ARCH,3331
ARCH,4557,0,ARCH,4555
ARCH,4557,0,ARCH,4532
ARCH,4557,0,ARCH,3321
ARCH,4557,0,ARIC,2205
ARCH,4557,0,EGPT,2030
ARCH,4558,0,ARCH,4557
ARCH,4558,0,ARCH,3522
ARCH,4561,0,ARIC,2205
ARCH,4561,0,ARCH,3554
ARCH,4561,0,ARCH,4421
ARCH,4561,0,ARCH,4532
ARCH,4561,0,ARCH,3311
ARCH,4561,0,CENG,3151
ARCH,4562,0,ARCH,4561
ARCH,4562,0,ARCH,3522
ARCH,4562,0,ARCH,3321
ARCH,4562,0,CENG,3152
ARCH,4570,0,ARCH,4562
ARCH,4570,0,ARCH,4541
ARCH,4570,0,EGPT,2030
ARCH,4570,0,ARCH,4312
ARCH,4801,0,ARCH,4562
ARCH,4802,0,ARCH,4562
ARCH,4803,0,ARCH,4562
ARCH,4936,0,ARCH,4541
ARCH,4937,0,ARCH,3553
ARCH,4938,0,ARCH,4532
ARCH,4939,0,ARCH,3522
ARCH,4951,0,ARCH,3311
ARCH,4980,0,ARCH,4557
ARCH,4981,0,ARCH,4558
ARCH,4981,0,ARCH,4980
ARCH,4981,0,ARCH,4312
ARCH,4981,0,ARCH,4541
ARCH,4981,0,ARCH,4570
ARCH,4981,0,ARCH,4801
ARCH,4981,0,ARCH,4802
ARCH,4981,0,ARCH,4803
BIOL,1012,0,BIOL,1011
BIOL,2090,0,BIOL,2150
BIOL,2150,0,BIOL,1011
BIOL,2150,0,BIOL,1010
BIOL,2230,0,BIOL,2150
BIOL,2230,0,CHEM,2003
BIOL,2320,0,PHYS,1011
BIOL,2320,0,PHYS,1012
BIOL,2340,0,BIOL,1011
BIOL,2340,0,BIOL,1010
BIOL,2340,0,BIOL,1012
BIOL,3130,0,BIOL,2230
BIOL,3280,0,CHEM,3006
BIOL,3310,0,BIOL,2230
BIOL,3326,0,BIOL,2230
BIOL,3340,0,BIOL,1012
BIOL,3341,0,BIOL,2150
BIOL,3360,0,BIOL,2230
BIOL,3370,0,BIOL,2230
BIOL,3510,0,BIOL,1012
BIOL,3510,0,CHEM,1005
BIOL,3510,0,PHYS,1011
BIOL,3540,0,BIOL,3510
BIOL,3600,0,BIOL,1011
BIOL,3600,0,BIOL,1012
BIOL,3601,0,BIOL,3600
BIOL,3601,0,CSCE,1101
BIOL,4150,0,BIOL,2230
BIOL,4150,0,CHEM,2003
BIOL,4230,0,BIOL,2230
BIOL,4230,0,CHEM,1005
BIOL,4330,0,BIOL,2230
BIOL,4330,0,BIOL,2150
BIOL,4540,0,BIOL,1012
BIOL,4540,0,CHEM,1005
BIOL,4541,0,BIOL,3510
BIOL,4690,0,BIOL,3600
BIOL,4690,0,BIOL,3601
BIOL,4691,0,BIOL,4690
BIOL,4981,0,BIOL,4980
BIOT,5203,0,BIOT,5201
BIOT,5203,0,BIOT,5202
BIOT,5204,0,BIOT,5203
BIOT,5980,0,SCI,5940
BIOT,6204,0,BIOT,5203
BIOT,6204,0,BIOT,5204
BIOT,6206,0,BIOT,5206
BADM,3002,0,MGMT,3201
BADM,3002,0,BADM,2001
BADM,3002,0,MKTG,2101
BADM,3003,0,BADM,2001
BADM,3003,0,MGMT,3201
AIAS,5152,0,AIAS,4101
AIAS,5152,0,AIAS,5151
CHEM,1006,0,CHEM,1005
CHEM,1016,0,CHEM,1015
CHEM,2003,0,CHEM,1005
CHEM,2005,0,CHEM,1006
CHEM,2006,0,CHEM,1006
CHEM,2006,1,CHEM,2016
CHEM,2007,0,CHEM,1006
CHEM,2016,0,CHEM,1016
CHEM,2016,1,CHEM,2006
CHEM,2020,0,CHEM,1005
CHEM,3002,0,CHEM,1006
CHEM,3003,0,MACT,2123
CHEM,3003,0,CHEM,1005
CHEM,3004,0,CHEM,3003
CHEM,3004,0,PHYS,1021
CHEM,3004,1,CHEM,3014
CHEM,3005,0,CHEM,3003
CHEM,3005,0,CSCE,1001
CHEM,3006,0,CHEM,2003
CHEM,3009,0,CHEM,1006
CHEM,3010,0,CHEM,1016
CHEM,3010,0,CHEM,3006
CHEM,3011,0,CHEM,2006
CHEM,3011,0,CHEM,2016
CHEM,3013,0,CHEM,1006
CHEM,3013,0,CHEM,2016
CHEM,3013,1,CHEM,3003
CHEM,3014,0,CHEM,3013
CHEM,3014,1,CHEM,3004
CHEM,3015,0,CHEM,3006
CHEM,3016,0,CHEM,3010
CHEM,3018,0,CHEM,2016
CHEM,3020,0,CHEM,1005
CHEM,3025,0,CHEM,3011
CHEM,3025,1,CHEM,3013
CHEM,3522,0,CHEM,1006
CHEM,3523,0,CHEM,3003
CHEM,4003,0,CHEM,3004
CHEM,4003,0,MACT,2141
CHEM,4003,1,CHEM,4013
CHEM,4004,0,CHEM,3004
CHEM,4004,1,PHYS,2221
CHEM,4006,0,CHEM,3006
CHEM,4007,0,CHEM,1006
CHEM,4008,0,CHEM,3009
CHEM,4013,0,CHEM,3014
CHEM,4013,1,CHEM,4003
CHEM,4016,0,CHEM,3016
CHEM,4016,0,CHEM,4006
CHEM,4025,0,CHEM,3025
CHEM,4030,0,CHEM,4016
CHEM,4035,0,CHEM,4006
CHEM,4040,0,CHEM,3009
CHEM,4524,0,CHEM,3003
CHEM,4524,0,CHEM,3522
CHEM,4981,0,CHEM,4980
CHEM,5212,0,CHEM,5211
CHEM,5220,0,CHEM,5201
CHEM,5221,0,CHEM,5201
CHEM,5221,0,CHEM,5203
CHEM,5222,0,CHEM,5201
CHEM,5241,0,CHEM,5205
CHEM,5242,0,CHEM,5205
CHEM,5980,0,SCI,5940
CHEM,6105,0,CHEM,5204
CHEM,6240,0,NANO,5205
SCI,1015,1,SCI,1020
SCI,4005,0,SCI,2005
CREL,2096,0,RHET,1000
CREL,2097,0,RHET,1000
CREL,2099,0,RHET,1000
CSCE,1001,0,MACT,1111
CSCE,1101,0,CSCE,1001
CSCE,1101,0,CSCE,1102
CSCE,1101,1,CSCE,1102
CSCE,1102,0,CSCE,1101
CSCE,2202,0,MACT,2131
CSCE,2202,0,CSCE,1101
CSCE,2202,1,CSCE,2203
CSCE,2203,0,MACT,2131
CSCE,2203,1,CSCE,2202
CSCE,2301,0,PHYS,2211
CSCE,2301,1,CSCE,2302
CSCE,2302,0,CSCE,2301
CSCE,2303,0,CSCE,1101
CSCE,2303,0,CSCE,2301
CSCE,2303,0,ECNG,2101
CSCE,2303,1,PHYS,2211
CSCE,2501,0,CSCE,1101
CSCE,3101,0,CSCE,1001
CSCE,3102,0,CSCE,1101
CSCE,3103,0,CSCE,1101
CSCE,3104,0,CSCE,1101
CSCE,3301,0,CSCE,2301
CSCE,3301,0,CSCE,2303
CSCE,3301,1,CSCE,3302
CSCE,3302,0,CSCE,3301
CSCE,3303,0,PHYS,2211
CSCE,3303,1,CSCE,2301
CSCE,3304,0,CSCE,2301
CSCE,3304,0,CSCE,3303
CSCE,3311,0,CSCE,1101
CSCE,3311,0,PHYS,2211
CSCE,3312,0,PHYS,2211
CSCE,3312,1,CSCE,3313
CSCE,3313,0,CSCE,3312
CSCE,3401,0,CSCE,2303
CSCE,3401,1,CSCE,3402
CSCE,3402,0,CSCE,1101
CSCE,3402,0,CSCE,3301
CSCE,3421,0,CSCE,1001
CSCE,3422,0,CSCE,1101
CSCE,3601,0,CSCE,2202
CSCE,3611,0,PHYS,2211
CSCE,3701,0,CSCE,1101
CSCE,4101,0,CSCE,3104
CSCE,4201,0,MACT,2131
CSCE,4301,0,CSCE,3301
CSCE,4301,0,CSCE,3401
CSCE,4301,0,CSCE,3312
CSCE,4301,0,CSCE,4302
CSCE,4302,0,CSCE,4301
CSCE,4313,0,CSCE,3311
CSCE,4314,0,CSCE,4313
CSCE,4411,0,CSCE,3401
CSCE,4421,0,CSCE,3401
CSCE,4501,0,CSCE,2501
CSCE,4502,0,CSCE,2501
CSCE,4502,0,MOIS,3201
CSCE,4503,0,MOIS,2101
CSCE,4602,0,CSCE,1101
CSCE,4602,0,MACT,2123
CSCE,4602,0,MACT,2132
CSCE,4603,0,CSCE,1101
CSCE,4604,0,CSCE,2202
CSCE,4604,0,MACT,1122
CSCE,4621,0,CSCE,1101
CSCE,4621,0,MACT,2132
CSCE,4701,0,CSCE,3701
CSCE,4702,0,CSCE,3701
CSCE,4702,0,CSCE,3401
CSCE,4981,0,CSCE,4980
CSCE,5231,0,CSCE,3301
CSCE,5242,0,CSCE,5231
CSCE,5243,1,CSCE,5241
CENG,2251,0,ENGR,1005
CENG,2311,0,MACT,1122
CENG,3011,0,ARCH,3562
CENG,3011,0,ENGR,2122
CENG,3111,0,ENGR,2102
CENG,3111,1,ENGR,2112
CENG,3112,0,ENGR,2102
CENG,3151,0,CENG,3112
CENG,3152,0,CENG,3151
CENG,3153,0,CENG,3111
CENG,3211,0,ENGR,2112
CENG,3312,0,CENG,2311
CENG,3511,0,ENGR,2122
CENG,3511,1,ENGR,3202
CENG,4113,0,CENG,3153
CENG,4154,0,CENG,4158
CENG,4155,0,CENG,3153
CENG,4157,0,CENG,3152
CENG,4157,0,CENG,3153
CENG,4158,0,CENG,3152
CENG,4158,0,CENG,3153
CENG,4212,0,CENG,3211
CENG,4252,0,ARCH,2551
CENG,4252,0,ARCH,3562
CENG,4252,0,CENG,3112
CENG,4252,0,CENG,3153
CENG,4252,0,ARCH,3331
CENG,4252,0,CENG,3211
CENG,4253,0,CENG,4252
CENG,4313,0,ENGR,2112
CENG,4313,0,CENG,3511
CENG,4314,0,CENG,4313
CENG,4315,1,CENG,4314
CENG,4351,0,ENGR,2104
CENG,4351,0,CENG,3211
CENG,4352,0,CENG,4351
CENG,4410,0,ENGR,3222
CENG,4410,0,CENG,3153
CENG,4410,0,ARCH,3562
CENG,4410,0,ENGR,3222
CENG,4410,0,CENG,3151
CENG,4420,0,CENG,4410
CENG,4430,0,CENG,4410
CENG,4430,0,CENG,4440
CENG,4440,0,CENG,4410
CENG,4450,0,CENG,4252
CENG,4460,0,CENG,4420
CENG,4470,1,CENG,4420
CENG,4551,0,CENG,3511
CENG,4552,0,CENG,4313
CENG,4553,1,CENG,4551
CENG,4554,0,CENG,3511
CENG,4554,0,CENG,4410
CENG,4556,0,CENG,4551
CENG,4557,0,CENG,4352
CENG,4980,0,CENG,3211
CENG,4980,0,CENG,4351
CENG,4980,0,CENG,4158
CENG,4980,0,CENG,4314
CENG,4980,0,CENG,4551
CENG,4981,0,CENG,4980
CENG,4981,0,CENG,4410
CENG,4981,0,CENG,4420
CENG,4981,0,CENG,4440
CENG,4981,0,CENG,4460
CENG,5264,0,CENG,5262
CENG,5265,0,CENG,5262
CENG,5266,0,CENG,5262
CENG,5267,0,CENG,5263
CENG,6223,0,CENG,5121
CORE,1010,1,RHET,1010
CORE,2099,0,RHET,1000
CORE,2142,0,RHET,1020
CORE,4198,0,RHET,2010
DSCI,1412,0,DSCI,1411
DSCI,2411,0,DSCI,1412
DSCI,3411,0,DSCI,1412
DSCI,3411,0,MACT,2132
DSCI,3411,0,MACT,3211
DSCI,3413,0,MACT,4231
DSCI,3415,0,MACT,3223
DSCI,4411,0,DSCI,3415
DSCI,4412,0,DSCI,1412
DSCI,4413,0,MACT,2132
DSCI,4413,0,MACT,3223
DSCI,4415,0,DSCI,3415
DSCI,4417,0,DSCI,4416
ECON,1099,0,RHET,1000
ECON,2061,0,MACT,1111
ECON,2081,0,MACT,2222
ECON,3011,0,ECON,2011
ECON,3011,0,ECON,3061
ECON,3011,0,ECON,2011
ECON,3011,0,MACT,2132
ECON,3011,0,ECON,3061
ECON,3011,0,ECON,2011
ECON,3011,0,MACT,2132
ECON,3011,0,ECON,3061
ECON,3021,0,ECON,2021
ECON,3021,0,ECON,2061
ECON,3021,0,MACT,1122
ECON,3041,0,FINC,2101
ECON,3041,0,ECON,2021
ECON,3041,0,ECON,2011
ECON,3053,0,ECON,2021
ECON,3053,0,ECON,2011
ECON,3054,0,ECON,2021
ECON,3054,0,ECON,2011
ECON,3055,0,ECON,2021
ECON,3055,0,ECON,2011
ECON,3061,0,MACT,1122
ECON,3061,0,ECON,2061
ECON,3071,0,ECON,2021
ECON,3071,0,ECON,2011
ECON,3081,0,ECON,2081
ECON,3081,0,ECON,3061
ECON,4012,0,ECON,2011
ECON,4012,0,ECON,2021
ECON,4013,0,ECON,2011
ECON,4014,0,ECON,2021
ECON,4014,0,ECON,2011
ECON,4015,0,ECON,3081
ECON,4031,0,ECON,3021
ECON,4031,0,ECON,3011
ECON,4041,0,ECON,2081
ECON,4041,0,ECON,3011
ECON,4041,0,FINC,2101
ECON,4051,0,ECON,2021
ECON,4061,0,ECON,3061
ECON,4081,0,ECON,3081
ECON,4081,1,ECON,4082
ECON,4082,0,ECON,4081
ECON,4091,0,ECON,2021
ECON,4091,0,ECON,2011
ECON,4094,0,ECON,2021
ECON,4094,0,ECON,2011
ECON,5201,0,ECON,5211
ECON,5201,0,ECON,5221
ECON,5201,1,ECON,5281
ECON,5211,0,ECON,4061
ECON,5213,0,ECON,5251
ECON,5213,0,ECON,3011
ECON,5213,0,FINC,5201
ECON,5215,0,ECON,3011
ECON,5215,0,FINC,5201
ECON,5217,0,ECON,4061
ECON,5217,0,ECON,5282
ECON,5219,0,ECON,5282
ECON,5219,0,ECON,3021
ECON,5219,0,ECON,3011
ECON,5221,0,ECON,4061
ECON,5231,0,ECON,5251
ECON,5231,0,ECON,3021
ECON,5231,0,ECON,3011
ECON,5233,0,ECON,5221
ECON,5241,0,ECON,4061
ECON,5242,0,ECON,4081
ECON,5242,0,ECON,5241
ECON,5254,0,ECON,3011
ECON,5256,0,ECON,5251
ECON,5256,0,ECON,3021
ECON,5257,0,ECON,5251
ECON,5257,0,ECON,5282
ECON,5257,0,ECON,3021
ECON,5257,0,ECON,3011
ECON,5261,0,ECON,4061
ECON,5281,0,ECON,4081
EDUC,3031,0,EDUC,2011
EDUC,3031,0,EDUC,2021
EDUC,5233,0,EDUC,5201
EDUC,5265,0,PSYC,5205
EDUC,5265,0,EDUC,5204
EDUC,5265,0,EDUC,5238
EDUC,5293,0,EDUC,5201
EDUC,5293,0,EDUC,5202
EGPT,2099,0,RHET,1000
EGPT,2252,0,EGPT,2251
EGPT,3201,0,EGPT,2020
EGPT,3202,0,EGPT,2020
EGPT,5100,0,HIST,2901
EGPT,5100,0,HIST,2902
EGPT,5110,0,EGPT,3211
EGPT,5110,0,EGPT,3212
EGPT,5120,0,EGPT,3211
EGPT,5120,0,EGPT,3212
EGPT,5130,0,EGPT,5120
EGPT,5130,0,EGPT,3211
EGPT,5150,0,EGPT,2252
EGPT,5150,0,EGPT,2252
EGPT,5151,0,EGPT,2252
EGPT,5151,0,EGPT,2252
EGPT,5152,0,EGPT,2252
EGPT,5153,0,EGPT,5151
EGPT,5510,0,EGPT,5152
EGPT,5530,0,EGPT,2251
EGPT,5530,0,EGPT,2252
EGPT,5550,0,EGPT,2251
EGPT,5550,0,EGPT,2252
EGPT,5550,0,EGPT,5151
EGPT,5550,0,EGPT,5153
EGPT,5560,0,EGPT,2251
EGPT,5560,0,EGPT,2252
EGPT,5560,0,EGPT,5151
EGPT,5560,0,EGPT,5153
ECNG,1501,0,CSCE,1001
ECNG,1502,0,CSCE,1001
ECNG,2101,0,CSCE,1001
ECNG,2101,0,ECNG,2108
ECNG,2105,0,PHYS,1021
ECNG,2106,0,ECNG,2105
ECNG,2106,0,MACT,2141
ECNG,2106,1,ECNG,2109
ECNG,2108,0,ECNG,2101
ECNG,2109,0,ECNG,2106
ECNG,3105,0,ECNG,2106
ECNG,3106,0,ECNG,3105
ECNG,3106,1,ECNG,3109
ECNG,3108,0,ECNG,2101
ECNG,3108,0,ECNG,3105
ECNG,3109,0,ECNG,3106
ECNG,3201,0,ECNG,2106
ECNG,3201,0,MACT,2141
ECNG,3201,0,ECNG,1502
ECNG,3202,0,ECNG,3201
ECNG,3401,0,PHYS,2221
ECNG,3401,0,MACT,2124
ECNG,3503,0,ECNG,2101
ECNG,3503,0,ECNG,3106
ECNG,3503,1,ECNG,3509
ECNG,3509,0,ECNG,3503
ECNG,3601,0,ECNG,2106
ECNG,3601,0,ECNG,3401
ECNG,4103,0,ECNG,2101
ECNG,4104,0,ECNG,3105
ECNG,4105,0,ECNG,3106
ECNG,4301,0,ECNG,3201
ECNG,4301,0,MACT,3224
ECNG,4301,0,ENGR,3202
ECNG,4301,1,ECNG,4314
ECNG,4302,0,ECNG,4301
ECNG,4304,0,ECNG,4310
ECNG,4306,0,ECNG,4301
ECNG,4308,0,ECNG,4301
ECNG,4308,0,ECNG,4306
ECNG,4310,0,ECNG,3401
ECNG,4310,0,PHYS,2221
ECNG,4310,1,ECNG,4304
ECNG,4312,0,ECNG,4302
ECNG,4314,0,ECNG,4301
ECNG,4402,0,ENGR,1005
ECNG,4402,0,CHEM,1005
ECNG,4402,0,ECNG,3401
ECNG,4407,0,ECNG,4402
ECNG,4504,0,ECNG,3503
ECNG,4505,0,ECNG,2101
ECNG,4505,1,ECNG,4508
ECNG,4506,0,ECNG,2101
ECNG,4506,0,ECNG,3202
ECNG,4506,0,MENG,4756
ECNG,4508,0,ECNG,4505
ECNG,4981,0,ECNG,4980
ECNG,5214,0,ECNG,3105
ECNG,5216,0,ECNG,3106
ECNG,5217,0,ECNG,3105
ECNG,5217,0,ECNG,3106
ECNG,5218,0,ECNG,3108
ECNG,5219,0,ECNG,3108
ECNG,5223,0,ECNG,3503
ECNG,5225,0,ECNG,3201
ECNG,5226,0,ECNG,3202
ECNG,5226,0,ECNG,4306
ECNG,5230,0,MACT,3224
ECNG,5231,0,ECNG,4302
ECNG,5231,0,ECNG,5230
ECNG,5233,0,ECNG,4302
ECNG,5234,0,ECNG,5230
ECNG,5236,0,ECNG,4302
ECNG,5238,0,ECNG,4306
ECNG,5241,0,ECNG,4402
ECNG,5247,0,ECNG,5241
ECNG,5248,0,ECNG,5241
ECNG,5249,0,ECNG,5241
ECNG,6235,0,ECNG,5230
ECNG,6931,0,ECNG,5233
ENGR,2102,0,MACT,1122
ENGR,2102,0,PHYS,1011
ENGR,2104,0,MACT,2123
ENGR,2104,0,ENGR,2102
ENGR,2112,0,ENGR,2102
ENGR,2122,0,PHYS,1021
ENGR,2122,0,ENGR,2104
ENGR,3202,0,CSCE,1001
ENGR,3202,0,MACT,2141
ENGR,3212,0,PHYS,1021
ENGR,3212,0,MACT,2123
ENGR,3222,0,MACT,1122
ENGR,3322,0,PHYS,1011
ECLT,2096,0,RHET,1000
ECLT,2097,0,RHET,1000
ECLT,2099,0,RHET,1000
ENTR,4102,0,MGMT,3201
ENTR,4102,0,BADM,2001
ENTR,4301,0,MKTG,2101
ENTR,4301,0,ENTR,3201
ENTR,4301,0,FINC,2101
ENTR,4301,0,ENTR,4102
ENTR,4302,0,ENTR,4102
ENTR,4303,0,ENTR,4102
ENTR,4501,0,ENTR,4102
ENTR,4502,0,ENTR,4102
ENTR,4503,0,ENTR,4102
ENTR,5202,0,ENTR,5201
ENTR,5211,0,ACCT,5211
ENVE,5980,0,ENGR,5940
FILM,2099,0,RHET,1000
FILM,2122,0,FILM,2120
FILM,2123,0,FILM,2121
FILM,3041,0,ANTH,2101
FILM,3130,0,FILM,2122
FILM,3140,0,FILM,2120
FILM,3252,0,FILM,2123
FILM,3253,0,FILM,3252
FILM,3254,0,FILM,3253
FILM,3306,0,FILM,2123
FILM,3306,0,MUSC,2301
FILM,3352,0,FILM,2122
FILM,3354,0,FILM,2120
FILM,3402,0,FILM,3254
FILM,3402,0,FILM,3140
FILM,4201,0,FILM,3254
FILM,4250,0,FILM,3254
FILM,4250,0,MUSC,3306
FILM,4350,0,FILM,3130
FINC,2101,0,ACCT,2001
FINC,2101,0,MACT,2222
FINC,2101,0,MACT,1221
FINC,2101,0,MACT,3224
FINC,2101,0,PSYC,2000
FINC,2101,0,SOC,3103
FINC,2101,0,ENGR,3222
FINC,2101,0,ECON,2011
FINC,2101,0,ECON,2021
FINC,3201,0,FINC,2101
FINC,3401,0,FINC,2101
FINC,3501,0,FINC,2101
FINC,4202,0,FINC,2101
FINC,4203,0,FINC,3201
FINC,4204,0,FINC,3201
FINC,4301,0,FINC,3201
FINC,4302,0,FINC,4301
FINC,4970,0,FINC,3201
FINC,5202,0,ACCT,5201
FINC,5203,0,ACCT,5201
FINC,5203,0,FINC,5202
FINC,5204,0,ACCT,5201
FINC,5204,0,FINC,5202
FINC,5211,0,OPMG,5211
FINC,5311,0,ACCT,5201
FINC,5311,0,FINC,5202
FINC,5312,0,ACCT,5201
FINC,5312,0,FINC,5202
FINC,5313,0,ACCT,5201
FINC,5313,0,FINC,5202
FINC,5313,0,FINC,5203
FINC,5314,0,ACCT,5201
FINC,5314,0,FINC,5202
FINC,5315,0,ACCT,5201
FINC,5315,0,FINC,5202
FINC,5320,0,FINC,5202
FINC,5331,0,ACCT,5201
FINC,5331,0,FINC,5202
FINC,5333,0,ACCT,5201
FINC,5333,0,FINC,5201
FINC,5333,0,FINC,5202
FINC,5333,0,MGMT,5307
FINC,5333,0,MGMT,5202
FINC,5333,0,MKTG,5201
FINC,5333,0,MOIS,5201
FINC,5333,0,OPMG,5201
FINC,5333,0,OPMG,5202
FINC,5351,0,ACCT,5201
FINC,5351,0,FINC,5202
FINC,5352,0,ACCT,5201
FINC,5352,0,FINC,5202
FINC,5353,0,ACCT,5201
FINC,5353,0,FINC,5202
FINC,5370,0,ACCT,5201
FINC,5370,0,FINC,5202
GWST,5205,0,GWST,5100
DSGN,2115,0,DSGN,2113
DSGN,2201,0,DSGN,2200
DSGN,2202,0,DSGN,2201
DSGN,2202,0,DSGN,2115
DSGN,2202,0,DSGN,2210
DSGN,2202,0,DSGN,2250
DSGN,2210,0,DSGN,2200
DSGN,2250,0,DSGN,2200
DSGN,3117,0,DSGN,2113
DSGN,3203,0,DSGN,2201
DSGN,3203,0,DSGN,2115
DSGN,3203,0,DSGN,3220
DSGN,3203,0,DSGN,2250
DSGN,3204,0,DSGN,2201
DSGN,3204,0,DSGN,2115
DSGN,3204,0,DSGN,2210
DSGN,3204,0,DSGN,2250
DSGN,3205,0,DSGN,2201
DSGN,3205,0,DSGN,2250
DSGN,3205,0,DSGN,2250
DSGN,3213,0,DSGN,3250
DSGN,3220,0,DSGN,2210
DSGN,3220,0,DSGN,2250
DSGN,3230,0,DSGN,3220
DSGN,3235,0,DSGN,3250
DSGN,3250,0,DSGN,2250
DSGN,3265,0,DSGN,2210
DSGN,3265,0,DSGN,2250
DSGN,4220,0,DSGN,2201
DSGN,4220,0,DSGN,2115
DSGN,4220,0,DSGN,2210
DSGN,4220,0,DSGN,2250
DSGN,4270,0,DSGN,4269
DSGN,5115,0,DSGN,2115
HIST,2096,0,RHET,1000
HIST,2097,0,RHET,1000
HIST,2099,0,RHET,1000
HIST,2902,0,HIST,2901
HIST,3105,0,HIST,1102
HIST,3903,0,HIST,2901
HIST,3903,0,HIST,2902
HIST,3904,0,HIST,2901
HIST,3904,0,HIST,2902
HIST,4000,0,HIST,4801
HIST,4000,0,HIST,4802
HIST,4219,0,HIST,3213
HIST,4219,0,HIST,3214
HIST,4802,0,HIST,4801
INTB,3501,0,FINC,2101
INTB,4601,0,MKTG,2101
LAW,5211,0,LAW,5209
LAW,5211,0,LAW,5210
LAW,5214,0,LAW,5209
LAW,5214,0,LAW,5210
LAW,5216,0,LAW,5209
LAW,5216,0,LAW,5210
LAW,5218,0,LAW,5209
LAW,5218,0,LAW,5210
LAW,5219,0,LAW,5209
LAW,5219,0,LAW,5210
CEMS,5203,0,MKTG,2101
CEMS,5203,0,MKTG,3201
CEMS,5204,0,FINC,3201
CEMS,5205,0,OPMG,4301
JRMC,2202,0,JRMC,2201
JRMC,2208,0,JRMC,2200
JRMC,2280,0,JRMC,2202
JRMC,2299,0,RHET,1000
JRMC,3301,0,JRMC,2202
JRMC,3305,0,JRMC,2201
JRMC,3307,0,JRMC,2201
JRMC,3307,0,JRMC,2202
JRMC,3312,0,JRMC,2202
JRMC,3315,0,JRMC,2202
JRMC,3330,0,JRMC,2230
JRMC,3333,0,JRMC,3312
JRMC,3337,0,JRMC,2202
JRMC,3339,0,JRMC,2202
JRMC,3355,0,JRMC,3305
JRMC,3355,0,JRMC,3315
JRMC,3366,0,ENTR,4503
JRMC,3380,0,JRMC,2203
JRMC,3390,0,JRMC,2200
JRMC,4402,0,JRMC,2202
JRMC,4403,0,JRMC,2202
JRMC,4405,0,JRMC,3305
JRMC,4412,0,JRMC,3312
JRMC,4415,0,JRMC,2202
JRMC,4415,0,JRMC,3315
JRMC,4425,0,JRMC,3315
JRMC,4425,0,JRMC,3320
JRMC,4425,0,JRMC,4415
JRMC,4430,0,JRMC,3315
JRMC,4430,0,JRMC,3320
JRMC,4441,0,JRMC,2202
JRMC,4444,0,JRMC,2202
JRMC,4460,0,JRMC,2202
JRMC,4471,0,JRMC,2202
JRMC,4480,0,JRMC,3333
JRMC,4480,0,JRMC,3339
JRMC,4480,0,JRMC,4460
JRMC,4482,0,JRMC,3320
JRMC,4482,0,JRMC,4420
JRMC,4482,0,JRMC,4444
JRMC,5201,0,JRMC,2201
JRMC,5201,0,JRMC,3301
JRMC,5240,0,JRMC,5201
LING,2210,0,RHET,2010
LING,2299,0,RHET,1000
LING,3320,0,LING,2200
LING,3330,0,LING,2200
LING,4410,0,CSCE,1101
LING,4410,0,LING,2200
LING,4410,0,LING,3330
LAW,5201,0,LAW,5200
LAW,5205,0,LAW,5202
LAW,5205,0,LAW,5209
LAW,5207,0,LAW,5209
LAW,5207,0,LAW,5210
LAW,5208,0,LAW,5209
LAW,5208,0,LAW,5210
LAW,5223,0,LAW,5202
LAW,5223,0,LAW,5209
LAW,5224,0,LAW,5202
LAW,5225,0,LAW,5202
LAW,5226,0,LAW,5202
LAW,5228,0,LAW,5209
LAW,5228,0,LAW,5210
LAW,5299,0,LAW,5227
MGMT,3301,0,BADM,2001
MGMT,3301,0,MGMT,3201
MGMT,4202,0,MGMT,3201
MGMT,4202,0,BADM,2001
MGMT,4203,0,MGMT,3201
MGMT,4402,0,BADM,2001
MGMT,5303,0,MGMT,5202
MGMT,5304,0,BADM,5310
MGMT,5306,0,BADM,5310
MGMT,5308,0,BADM,5310
MGMT,5370,0,BADM,5310
MOIS,3201,0,MOIS,2101
MOIS,3301,0,MOIS,2101
MOIS,3401,0,MOIS,2101
MOIS,3501,0,MOIS,2101
MOIS,3601,0,MOIS,2101
MOIS,3701,0,MOIS,2101
MOIS,3702,0,MOIS,2101
MOIS,3703,0,MOIS,2101
MOIS,3801,0,MOIS,2101
MOIS,4202,0,MOIS,3201
MOIS,4704,0,MOIS,3201
MOIS,4704,0,MACT,2222
MOIS,4704,0,CSCE,1101
MOIS,5202,0,MOIS,5211
MOIS,5211,0,MOIS,5202
MOIS,5301,0,BADM,5310
MOIS,5302,0,BADM,5310
MOIS,5303,0,BADM,5310
MOIS,5304,0,OPMG,5201
MOIS,5304,0,MOIS,3201
MOIS,5305,0,BADM,5310
MOIS,5370,0,BADM,5310
MKTG,3201,0,MKTG,2101
MKTG,3201,0,MACT,3224
MKTG,3201,0,MACT,2222
MKTG,3201,0,MACT,1221
MKTG,3202,0,MKTG,2101
MKTG,3301,0,MKTG,2101
MKTG,4203,0,MKTG,3201
MKTG,4302,0,MKTG,2101
MKTG,4303,0,MKTG,2101
MKTG,4401,0,MKTG,2101
MKTG,4501,0,MKTG,2101
MKTG,4601,0,MKTG,2101
MKTG,4602,0,MKTG,3201
MKTG,4602,0,MKTG,3202
MKTG,4602,0,FINC,2101
MKTG,4970,0,MKTG,2101
MKTG,5301,0,BADM,5310
MKTG,5304,0,BADM,5310
MKTG,5305,0,BADM,5310
MKTG,5306,0,BADM,5310
MKTG,5307,0,BADM,5310
MKTG,5370,0,BADM,5310
MACT,1112,0,MACT,1111
MACT,1121,0,MACT,1111
MACT,1122,0,MACT,1121
MACT,2123,0,MACT,1122
MACT,2124,0,MACT,2123
MACT,2131,1,MACT,1121
MACT,2132,0,MACT,2123
MACT,2141,0,MACT,2123
MACT,2146,0,MACT,1122
MACT,2146,0,MACT,2132
MACT,3133,0,MACT,2131
MACT,3133,0,PHIL,2010
MACT,3142,0,MACT,2141
MACT,3143,0,CSCE,1001
MACT,3143,0,MACT,2141
MACT,3143,1,MACT,2132
MACT,3146,0,MACT,2146
MACT,3211,1,MACT,2123
MACT,3223,0,MACT,3211
MACT,3224,0,MACT,2123
MACT,3311,1,MACT,2123
MACT,4125,0,MACT,2124
MACT,4126,0,MACT,2131
MACT,4126,0,MACT,2124
MACT,4127,0,MACT,4126
MACT,4134,0,MACT,2131
MACT,4134,0,MACT,2132
MACT,4135,0,MACT,2131
MACT,4135,0,MACT,3211
MACT,4135,0,MACT,3224
MACT,4212,0,MACT,2132
MACT,4212,0,MACT,2141
MACT,4212,0,MACT,3211
MACT,4212,0,MACT,3224
MACT,4213,0,MACT,2132
MACT,4213,0,MACT,4212
MACT,4231,0,MACT,2132
MACT,4231,0,MACT,3223
MACT,4231,0,MACT,3224
MACT,4231,0,ECON,2081
MACT,4232,0,MACT,4231
MACT,4232,0,ECON,3081
MACT,4233,0,MACT,2132
MACT,4233,0,MACT,3223
MACT,4233,0,MACT,3224
MACT,4233,0,ECON,3061
MACT,4233,0,ECON,3081
MACT,4312,0,MACT,3311
MACT,4313,0,MACT,4212
MACT,4313,0,MACT,4312
MACT,4314,0,FINC,3201
MACT,4321,0,MACT,3211
MACT,4321,0,MACT,3311
MACT,4322,0,MACT,4212
MACT,4322,0,MACT,4321
MACT,4331,0,MACT,3211
MACT,4332,0,MACT,3223
MACT,4332,0,MACT,4331
MENG,2112,0,ENGR,2102
MENG,2505,0,ENGR,1001
MENG,2505,0,ENGR,1005
MENG,3207,0,CHEM,1005
MENG,3207,0,ENGR,2112
MENG,3209,0,MENG,3207
MENG,3217,0,ENGR,2102
MENG,3217,0,ENGR,2104
MENG,3217,0,MENG,2112
MENG,3217,0,MENG,3207
MENG,3402,0,ENGR,3202
MENG,3402,0,MACT,3224
MENG,3446,0,MACT,3224
MENG,3446,0,ENGR,3222
MENG,3502,0,ENGR,2104
MENG,3502,0,ENGR,3202
MENG,3505,0,ENGR,2112
MENG,3505,0,MENG,2505
MENG,3505,0,ENGR,3202
MENG,3506,0,ENGR,2104
MENG,3506,0,MENG,2505
MENG,3506,1,MENG,3209
MENG,3601,0,ENGR,2122
MENG,3601,0,CHEM,1005
MENG,3601,0,CHEM,1015
MENG,3602,0,MENG,3601
MENG,3605,0,MENG,3601
MENG,3705,0,PHYS,2211
MENG,3705,0,PHYS,2212
MENG,3705,0,MENG,3502
MENG,4208,0,MENG,3209
MENG,4208,0,MENG,3506
MENG,4221,0,MENG,3209
MENG,4225,0,MENG,3209
MENG,4226,0,MENG,3209
MENG,4227,0,MENG,3209
MENG,4229,0,MENG,3209
MENG,4232,0,MENG,3209
MENG,4239,0,PHYS,2211
MENG,4239,0,MENG,3209
MENG,4440,0,ENGR,3202
MENG,4441,0,MENG,4440
MENG,4441,0,MACT,3224
MENG,4442,0,MENG,3402
MENG,4443,0,MENG,3402
MENG,4444,0,MENG,3209
MENG,4445,0,ENGR,3202
MENG,4445,0,ENGR,3222
MENG,4448,0,MENG,4440
MENG,4449,0,ENGR,3222
MENG,4477,0,MENG,3209
MENG,4507,0,MENG,3506
MENG,4507,0,MENG,3502
MENG,4551,0,MENG,2505
MENG,4551,0,MENG,3506
MENG,4553,0,MENG,3505
MENG,4553,0,ENGR,3202
MENG,4554,0,MENG,4553
MENG,4555,0,MENG,3705
MENG,4558,0,MENG,3209
MENG,4558,0,MENG,3506
MENG,4565,0,MENG,3506
MENG,4606,0,ENGR,3202
MENG,4606,0,MENG,3602
MENG,4661,0,MENG,3602
MENG,4662,0,MENG,4606
MENG,4662,0,MENG,3605
MENG,4663,0,MENG,3605
MENG,4663,0,MENG,4606
MENG,4665,0,MENG,3602
MENG,4665,0,MENG,3605
MENG,4666,0,MENG,3605
MENG,4666,0,MENG,4606
MENG,4667,0,MENG,4606
MENG,4667,0,MENG,3605
MENG,4756,0,MENG,3705
MENG,4757,0,ENGR,2104
MENG,4778,0,PHYS,2211
MENG,4779,0,MENG,3705
MENG,4932,0,MENG,3209
MENG,4980,0,MENG,3446
MENG,4980,0,MENG,3605
MENG,4980,0,MENG,3705
MENG,4981,0,MENG,4980
MENG,5981,0,ENGR,5940
MENG,6255,0,MENG,3505
MENG,6262,0,MENG,3602
MENG,6262,0,MENG,4606
MUSC,1800,1,MUSC,1805
MUSC,2099,0,RHET,1000
MUSC,2302,0,MUSC,2200
MUSC,2302,0,MUSC,2300
MUSC,2302,0,MUSC,2302
MUSC,2302,0,MUSC,2302
MUSC,2303,0,MUSC,2300
MUSC,2303,0,MUSC,2301
MUSC,2400,0,MUSC,1805
MUSC,2400,0,MUSC,2200
MUSC,2400,0,MUSC,1800
MUSC,2400,0,MUSC,2401
MUSC,2401,0,MUSC,2400
MUSC,2450,0,MUSC,1805
MUSC,2450,0,MUSC,2200
MUSC,2450,0,MUSC,1800
MUSC,2450,0,MUSC,2451
MUSC,2451,0,MUSC,1805
MUSC,2451,0,MUSC,2200
MUSC,2451,0,MUSC,1800
MUSC,2451,0,MUSC,2450
MUSC,2850,1,MUSC,1805
MUSC,3110,0,MUSC,1800
MUSC,3150,0,MUSC,2200
MUSC,3200,0,MUSC,2200
MUSC,3200,0,MUSC,2400
MUSC,3250,0,MUSC,2200
MUSC,3304,0,MUSC,2200
MUSC,3304,0,MUSC,2300
MUSC,3304,0,MUSC,2301
MUSC,3305,0,MUSC,2200
MUSC,3305,0,MUSC,2300
MUSC,3306,0,MUSC,2301
MUSC,3308,0,MUSC,2300
MUSC,3400,0,MUSC,2400
MUSC,3400,0,MUSC,2401
MUSC,3400,0,MUSC,3401
MUSC,3401,0,MUSC,2400
MUSC,3401,0,MUSC,2401
MUSC,3450,0,MUSC,2450
MUSC,3450,0,MUSC,2451
MUSC,3450,0,MUSC,3451
MUSC,3451,0,MUSC,2450
MUSC,3451,0,MUSC,2451
MUSC,3451,0,MUSC,3450
MUSC,3520,0,MUSC,1805
MUSC,3520,0,MUSC,2200
MUSC,3520,0,MUSC,1800
MUSC,4308,0,MUSC,2300
MUSC,4308,0,MUSC,2301
MUSC,4309,0,MUSC,2200
MUSC,4309,0,MUSC,2300
MUSC,4309,0,MUSC,2301
MUSC,4400,0,MUSC,3400
MUSC,4400,0,MUSC,3401
MUSC,4400,0,MUSC,4401
MUSC,4401,0,MUSC,3400
MUSC,4401,0,MUSC,3401
MUSC,4401,0,MUSC,4400
MUSC,4800,0,MUSC,1800
NANO,5210,0,PHYS,4042
NANO,5241,0,NANO,5205
NANO,5242,0,NANO,5205
NANO,5980,0,SCI,5940
NANO,6240,0,NANO,5205
OPMG,5211,0,FINC,5211
PENG,2011,0,CHEM,1005
PENG,2012,1,PENG,2011
PENG,2013,0,ENGR,1001
PENG,2411,0,PHYS,1021
PENG,2411,0,MACT,2123
PENG,2415,0,CHEM,1005
PENG,2415,1,ENGR,2122
PENG,3011,0,SCI,2005
PENG,3021,0,SCI,2005
PENG,3021,0,PENG,3211
PENG,3021,0,PENG,3022
PENG,3022,0,PENG,3211
PENG,3022,0,PENG,3021
PENG,3111,0,PENG,3021
PENG,3111,1,ENGR,2122
PENG,3112,0,PENG,3111
PENG,3211,0,PENG,2013
PENG,3215,0,PENG,3211
PENG,3215,0,PENG,3021
PENG,3225,0,PENG,3215
PENG,3227,0,PENG,3011
PENG,3227,0,PENG,3021
PENG,3310,0,PENG,3111
PENG,3311,0,PENG,3211
PENG,3321,0,PENG,3311
PENG,3321,0,PENG,3411
PENG,3411,0,ENGR,2122
PENG,3411,0,CHEM,1005
PENG,3413,0,PHYS,1011
PENG,3413,0,PENG,3411
PENG,3415,0,ENGR,2122
PENG,3415,0,PENG,3413
PENG,3420,0,CHEM,1005
PENG,3420,0,PENG,2415
PENG,3420,0,PENG,3411
PENG,3421,0,PENG,2411
PENG,3421,0,PENG,3420
PENG,4015,0,PENG,3011
PENG,4121,0,PENG,3111
PENG,4121,0,PENG,3310
PENG,4123,0,PENG,4121
PENG,4125,0,PENG,4121
PENG,4223,0,ENGR,3202
PENG,4223,0,PENG,4224
PENG,4224,0,PENG,3215
PENG,4225,0,PENG,3215
PENG,4226,0,PENG,3311
PENG,4226,0,ENGR,3222
PENG,4227,0,PENG,3227
PENG,4227,0,PENG,3215
PENG,4229,0,PENG,3215
PENG,4229,0,PENG,3227
PENG,4313,0,PENG,3311
PENG,4320,0,PENG,3311
PENG,4323,0,PENG,3420
PENG,4325,0,PENG,3311
PENG,4325,0,PENG,3227
PENG,4421,0,PENG,3415
PENG,4421,0,PENG,3421
PENG,4422,0,PENG,4421
PENG,4423,0,PENG,2411
PENG,4423,0,PENG,3415
PENG,4423,0,PENG,3420
PENG,4425,0,PENG,3415
PENG,4427,0,PENG,3413
PENG,4427,0,PENG,3420
PENG,4428,0,PENG,2411
PENG,4428,0,PENG,3415
PENG,4428,0,PENG,3420
PENG,4429,0,PENG,3415
PENG,4429,0,PENG,4421
PENG,4525,0,CHEM,3003
PENG,4525,0,CHEM,3522
PENG,4981,0,PENG,4980
PENG,5254,0,ENGR,5940
PHDS,6291,0,CSCE,5940
PHDS,6291,0,ENGR,5940
PHDS,6291,0,SCI,5940
PHDS,6216,0,ENGR,5204
PHDE,6291,0,CSCE,5940
PHDE,6291,0,ENGR,5940
PHDE,6291,0,SCI,5940
PHIL,2100,0,RHET,1100
PHIL,2100,1,RHET,1010
PHIL,3015,0,HIST,2203
PHIL,3015,0,HIST,3210
PHIL,5112,0,PHIL,3010
PHIL,5150,0,FILM,3130
PHYS,1011,0,MACT,1121
PHYS,1011,1,PHYS,1012
PHYS,1012,0,PHYS,1011
PHYS,1021,0,PHYS,1011
PHYS,1021,0,PHYS,1012
PHYS,1021,0,MACT,1122
PHYS,1021,1,PHYS,1022
PHYS,1022,0,PHYS,1021
PHYS,2041,0,PHYS,1021
PHYS,2041,0,MACT,2141
PHYS,2042,0,PHYS,2041
PHYS,2211,0,PHYS,1021
PHYS,2211,0,PHYS,2212
PHYS,2211,1,PHYS,2213
PHYS,2212,0,PHYS,2211
PHYS,2213,0,PHYS,2211
PHYS,2221,0,PHYS,1021
PHYS,2221,1,PHYS,2222
PHYS,2222,1,PHYS,2221
PHYS,3013,0,MACT,2141
PHYS,3013,0,MACT,2124
PHYS,3023,0,PHYS,2221
PHYS,3023,0,MACT,2124
PHYS,3031,0,PHYS,4042
PHYS,3052,1,PHYS,2041
PHYS,3071,0,MACT,2132
PHYS,3071,0,PHYS,3023
PHYS,3223,0,PHYS,2222
PHYS,3223,0,PHYS,2221
PHYS,3232,0,PHYS,4231
PHYS,3241,0,CSCE,1001
PHYS,3241,0,MACT,2132
PHYS,3241,0,MACT,2141
PHYS,4042,0,PHYS,2041
PHYS,4042,0,MACT,2132
PHYS,4042,0,PHYS,3013
PHYS,4043,0,PHYS,4042
PHYS,4051,0,PHYS,4042
PHYS,4224,0,PHYS,2221
PHYS,4225,0,PHYS,2222
PHYS,4231,0,PHYS,3031
PHYS,4233,0,PHYS,4231
PHYS,4234,0,PHYS,2211
PHYS,4234,0,PHYS,2212
PHYS,4241,0,PHYS,2211
PHYS,4241,0,PHYS,2221
PHYS,4241,0,PHYS,2041
PHYS,4242,0,PHYS,2211
PHYS,4242,0,PHYS,2221
PHYS,4242,0,PHYS,2041
PHYS,4243,0,PHYS,2211
PHYS,4243,0,PHYS,2221
PHYS,4243,0,PHYS,2041
PHYS,4244,0,PHYS,2211
PHYS,4244,0,PHYS,2221
PHYS,4244,0,PHYS,2041
PHYS,4981,0,PHYS,4980
PHYS,5013,0,PHYS,3013
PHYS,5023,0,PHYS,3023
PHYS,5023,0,PHYS,5061
PHYS,5024,0,PHYS,5023
PHYS,5032,0,PHYS,3031
PHYS,5043,0,PHYS,4042
PHYS,5061,0,MACT,2141
PHYS,5235,0,PHYS,4231
PHYS,5236,0,PHYS,2211
PHYS,5236,0,PHYS,4231
PHYS,5237,0,PHYS,5235
PHYS,5242,0,MACT,2141
PHYS,5242,0,MACT,3143
PHYS,5282,0,PHYS,3052
PHYS,5282,0,PHYS,3232
PHYS,5282,0,PHYS,4234
PHYS,6025,0,PHYS,5023
PHYS,6225,0,PHYS,4224
PHYS,6243,0,PHYS,5023
PHYS,6243,0,PHYS,5242
POLS,2096,0,RHET,1010
POLS,2104,0,POLS,1001
POLS,2104,0,POLS,2003
POLS,2104,0,RHET,1010
POLS,2405,0,RHET,1010
POLS,3201,0,RHET,1020
POLS,3201,0,POLS,1001
POLS,3201,0,POLS,2003
POLS,3202,0,RHET,1020
POLS,3202,0,POLS,1001
POLS,3202,0,POLS,2003
POLS,3401,0,POLS,1001
POLS,3401,0,POLS,2003
POLS,3401,0,RHET,1010
POLS,3408,0,POLS,1001
POLS,3408,0,POLS,2003
POLS,3408,0,RHET,1020
POLS,3454,0,POLS,1001
POLS,3454,0,POLS,2003
POLS,3454,0,RHET,1020
POLS,3510,0,POLS,1001
POLS,3510,0,POLS,2003
POLS,3510,0,RHET,1020
POLS,3550,0,POLS,1001
POLS,3550,0,POLS,2003
POLS,3550,0,ECON,2021
POLS,3550,0,RHET,1010
POLS,3620,0,POLS,1001
POLS,3620,0,POLS,2003
POLS,3620,0,RHET,1010
POLS,3620,0,POLS,2405
POLS,4000,0,POLS,3201
POLS,4000,0,POLS,3202
POLS,4000,0,RHET,1020
POLS,4018,0,RHET,1020
POLS,4030,0,RHET,1020
POLS,4033,0,POLS,1001
POLS,4033,0,POLS,2003
POLS,4033,0,RHET,1020
POLS,4099,0,POLS,4000
POLS,4099,0,POLS,4104
POLS,4099,0,RHET,1020
POLS,4104,0,POLS,3201
POLS,4104,0,POLS,3202
POLS,4104,0,RHET,1020
POLS,4216,0,RHET,1020
POLS,4217,0,RHET,1020
POLS,4217,0,POLS,3620
POLS,4226,0,RHET,1020
POLS,4371,0,RHET,1020
POLS,4371,0,POLS,3620
POLS,4372,0,RHET,1020
POLS,4372,0,POLS,4371
POLS,4373,0,RHET,1020
POLS,4374,0,RHET,1020
POLS,4374,0,POLS,4371
POLS,4375,0,RHET,1020
POLS,4377,0,RHET,1020
POLS,4377,0,POLS,3510
POLS,4377,0,POLS,4371
POLS,4378,0,RHET,1020
POLS,4403,0,POLS,1001
POLS,4403,0,POLS,2003
POLS,4403,0,RHET,1020
POLS,4403,0,POLS,3401
POLS,4405,0,POLS,1001
POLS,4405,0,POLS,2003
POLS,4405,0,RHET,1020
POLS,4405,0,POLS,3401
POLS,4405,0,POLS,3401
POLS,4420,0,RHET,1020
POLS,4420,0,POLS,3401
POLS,4422,0,RHET,1020
POLS,4422,0,POLS,3401
POLS,4423,0,POLS,1001
POLS,4423,0,POLS,2003
POLS,4423,0,RHET,1020
POLS,4423,0,POLS,3401
POLS,4424,0,POLS,1001
POLS,4424,0,POLS,2003
POLS,4424,0,RHET,1020
POLS,4424,0,POLS,3401
POLS,4425,0,POLS,1001
POLS,4425,0,POLS,2003
POLS,4425,0,RHET,1020
POLS,4425,0,POLS,3401
POLS,4432,0,RHET,1020
POLS,4432,0,POLS,3401
POLS,4435,0,RHET,1020
POLS,4435,0,POLS,3401
POLS,4437,0,POLS,1001
POLS,4437,0,POLS,2003
POLS,4437,0,RHET,1020
POLS,4437,0,POLS,3401
POLS,4438,0,RHET,1020
POLS,4438,0,POLS,3401
POLS,4439,0,POLS,1001
POLS,4439,0,POLS,2003
POLS,4439,0,RHET,1020
POLS,4439,0,POLS,3401
POLS,4444,0,POLS,1001
POLS,4444,0,POLS,2003
POLS,4444,0,RHET,1020
POLS,4444,0,POLS,3401
POLS,4470,0,RHET,1020
POLS,4480,0,RHET,1020
POLS,4480,0,POLS,3401
POLS,4481,0,RHET,1020
POLS,4481,0,POLS,3620
POLS,4502,0,RHET,1020
POLS,4502,0,POLS,3510
POLS,4502,0,POLS,3550
POLS,4513,0,RHET,1020
POLS,4513,0,ECON,2021
POLS,4513,0,POLS,3620
POLS,4513,0,POLS,3550
POLS,4523,0,RHET,1020
POLS,4523,0,POLS,3510
POLS,4523,0,POLS,3550
POLS,4525,0,RHET,1020
POLS,4525,0,POLS,3620
POLS,4525,0,POLS,3550
POLS,4526,0,RHET,1020
POLS,4526,0,POLS,3510
POLS,4526,0,POLS,3550
POLS,4542,0,RHET,1020
POLS,4542,0,POLS,3550
POLS,4550,0,RHET,1020
POLS,4550,0,POLS,3550
POLS,4551,0,RHET,1020
POLS,4551,0,POLS,3550
POLS,4560,0,RHET,1020
POLS,4565,0,RHET,1020
POLS,4565,0,POLS,3510
POLS,4565,0,POLS,3550
POLS,4605,0,RHET,1020
POLS,4605,0,POLS,3620
POLS,4608,0,RHET,1020
POLS,4608,0,POLS,3620
POLS,4609,0,RHET,1020
POLS,4609,0,POLS,3620
POLS,4610,0,RHET,1020
POLS,4610,0,POLS,3620
POLS,4611,0,RHET,1020
POLS,4611,0,POLS,3620
POLS,4614,0,RHET,1020
POLS,4614,0,POLS,4611
POLS,4615,0,RHET,1020
POLS,4615,0,POLS,4611
POLS,4640,0,RHET,1020
POLS,4640,0,POLS,3620
POLS,5130,0,RHET,1020
POLS,5140,0,RHET,1020
POLS,5140,0,POLS,3620
POLS,5230,0,POLS,5201
POLS,5258,0,POLS,5201
POLS,5258,0,POLS,5202
POLS,5261,0,ECON,2021
POLS,5261,0,POLS,5202
POLS,5262,0,POLS,5202
OPMG,2101,0,MACT,1112
OPMG,2101,0,ECON,2061
OPMG,3201,0,MACT,1221
OPMG,3201,0,ECON,2061
OPMG,3201,0,MACT,2222
OPMG,4102,0,OPMG,4202
OPMG,4202,0,OPMG,3201
OPMG,4203,0,OPMG,3201
OPMG,4204,0,OPMG,3201
OPMG,4301,0,OPMG,3201
OPMG,5202,0,OPMG,5201
OPMG,5301,0,BADM,5310
OPMG,5302,0,BADM,5310
OPMG,5303,0,BADM,5310
OPMG,5305,0,BADM,5310
OPMG,5306,0,BADM,5310
OPMG,5370,0,BADM,5310
PSYC,2100,0,PSYC,1000
PSYC,2100,0,PSYC,2000
PSYC,2100,0,RHET,1020
PSYC,2100,0,LALT,1020
PSYC,3002,0,PSYC,1000
PSYC,3003,0,PSYC,1000
PSYC,3010,0,PSYC,1000
PSYC,3011,0,PSYC,1000
PSYC,3040,0,PSYC,1000
PSYC,3080,0,PSYC,2100
PSYC,3270,0,PSYC,1000
PSYC,3420,0,PSYC,1000
PSYC,3800,0,BIOL,1011
PSYC,3800,0,PSYC,1000
PSYC,4001,0,PSYC,2100
PSYC,4011,0,PSYC,1000
PSYC,4012,0,PSYC,1000
PSYC,4013,0,PSYC,1000
PSYC,4014,0,PSYC,3040
PSYC,4016,0,PSYC,1000
PSYC,4022,0,PSYC,3010
PSYC,4022,0,PSYC,3270
PSYC,4062,0,PSYC,3270
PSYC,4062,0,PSYC,3420
PSYC,4062,0,PSYC,3800
PSYC,4063,0,PSYC,1000
PSYC,4063,0,PSYC,3003
PSYC,4098,0,BIOL,1011
PSYC,4098,0,PSYC,3800
PSYC,4150,0,PSYC,1000
PSYC,4150,0,PSYC,2000
PSYC,4150,0,PSYC,2100
PSYC,5264,0,PSYC,5200
PSYC,5264,0,PSYC,5210
PSYC,5264,0,PSYC,5230
PSYC,5264,0,PSYC,5241
PSYC,5264,0,PSYC,5251
PSYC,5264,0,PSYC,5261
PSYC,5265,0,PSYC,5205
PSYC,5265,0,EDUC,5204
PSYC,5265,0,EDUC,5238
PSYC,5274,0,PSYC,5200
PSYC,5274,0,PSYC,5210
PSYC,5274,0,PSYC,5230
PSYC,5274,0,PSYC,5241
PSYC,5274,0,PSYC,5251
PSYC,5274,0,PSYC,5261
PSYC,5274,0,PSYC,5264
PSYC,5283,0,PSYC,5203
PSYC,5283,0,PSYC,5210
PSYC,5283,0,PSYC,5230
PSYC,5283,0,PSYC,5220
PSYC,5283,0,PSYC,5233
PSYC,5283,0,PSYC,5243
PSYC,5284,0,PSYC,5264
PSYC,5284,0,PSYC,5274
PPAD,2099,0,RHET,1000
PPAD,5225,0,PPAD,5251
PPAD,5232,0,PPAD,5231
RHET,1020,0,RHET,1010
RHET,1020,0,CORE,1010
RHET,1100,0,RHET,1000
RHET,2010,0,RHET,1100
RHET,2099,0,RHET,1020
RHET,3099,0,RHET,1020
RHET,3110,0,RHET,1020
RHET,3120,0,RHET,1020
RHET,3130,0,RHET,1020
RHET,3140,0,RHET,1020
RHET,3150,0,RHET,1020
RHET,3160,0,RHET,1020
RHET,3210,0,RHET,1020
RHET,3220,0,RHET,1020
RHET,3230,0,RHET,1020
RHET,3240,0,RHET,1020
RHET,3250,0,RHET,1020
RHET,3310,0,RHET,1020
RHET,3320,0,RHET,1020
RHET,3330,0,RHET,1020
RHET,3340,0,RHET,1020
RHET,3350,0,RHET,1020
RHET,4060,0,RHET,1020
RHET,4160,0,RHET,1020
RHET,4260,0,RHET,1020
RHET,4270,0,RHET,1020
RHET,4280,0,RHET,1020
RHET,4360,0,RHET,1020
RCSS,5234,0,ECNG,3202
RCSS,5234,0,ECNG,4306
RCSS,5989,0,ENGR,5940
SOC,2005,1,RHET,2010
SOC,2099,0,RHET,1000
SOC,3010,0,PSYC,1000
SOC,3104,0,SOC,3102
SOC,3105,0,SOC,2101
SOC,3105,0,SOC,3103
SOC,3105,0,SOC,3103
SOC,4107,0,SOC,3105
SOC,4107,0,ANTH,3105
GREN,5204,0,MGMT,5307
GREN,5224,0,ACCT,5201
TEAL,5202,0,TEAL,5201
TEAL,5203,0,TEAL,5202
TEAL,5204,0,TEAL,5203
TEAL,5205,0,TEAL,5204
TEAL,5206,0,TEAL,5205
TEAL,5207,0,TEAL,5206
TEAL,5208,0,TEAL,5207
TEAL,5209,0,TEAL,5208
THTR,2099,0,RHET,1000
THTR,2601,0,THTR,1201
THTR,3201,0,THTR,2201
THTR,3203,0,THTR,3201
THTR,3205,0,THTR,3201
THTR,3207,0,THTR,2201
THTR,3207,0,THTR,2211
THTR,3211,0,THTR,2211
THTR,3301,0,THTR,2201
THTR,3301,0,THTR,2301
THTR,3401,0,THTR,1201
THTR,3401,0,THTR,2401
THTR,3501,0,THTR,2301
THTR,3503,0,THTR,3501
THTR,3601,0,THTR,2401
THTR,3601,0,THTR,2601
THTR,4301,0,THTR,3301
THTR,4404,0,THTR,2401
THTR,4404,0,THTR,3401
THTR,4405,0,THTR,2401
THTR,4406,0,THTR,2401
THTR,4406,0,THTR,3401
THTR,4703,0,THTR,3401
THTR,4703,0,THTR,3301
THTR,4703,0,THTR,4103
TVDJ,5237,0,TVDJ,5241
TVDJ,5237,1,TVDJ,5242
TVDJ,5239,0,TVDJ,5237
TVDJ,5241,0,TVDJ,5237
TVDJ,5241,1,TVDJ,5242
TVDJ,5242,0,TVDJ,5241
TVDJ,5242,1,TVDJ,5237
TVDJ,5245,0,TVDJ,5237
TVDJ,5245,0,TVDJ,5241
TVDJ,5245,0,TVDJ,5242
TVDJ,5246,0,TVDJ,5245
ARTV,2202,0,ARTV,2201
ARTV,2203,0,ARTV,2200
ARTV,2206,0,ARTV,2201
ARTV,3115,0,ARTV,2113
ARTV,3311,0,ARTV,2201
ARTV,3311,0,ARTV,2202
ARTV,3312,0,ARTV,2200
ARTV,3312,0,ARTV,2201
ARTV,3316,0,ARTV,2214
ARTV,3316,0,ARTV,2113
ARTV,4270,0,ARTV,4269
ARTV,4311,0,ARTV,3312
ARTV,4312,0,ARTV,4311
